latitude,longitude,pokemon,times
52.7137465485002,16.3736657892743,Poliwag x 1 | Venonat x 1 | Drowzee x 1 | Pidgey x 1 | Metapod x 1 | Rattata x 1 | Weedle x 2 | Meowth x 1 | ,21:55:44 | 22:55:44 | 23:55:44 | 08:55:44 | 09:55:44 | 10:55:44 | 11:55:44 | 12:55:44 | 13:55:44 | 
52.7139643975739,16.364848435159,Weedle x 3 | Pidgey x 1 | Bellsprout x 1 | Pidgeotto x 1 | Rattata x 2 | Raticate x 1 | ,22:38:36 | 23:38:36 | 08:38:36 | 09:38:36 | 10:38:36 | 11:38:36 | 12:38:36 | 13:38:36 | 14:38:36 | 
52.7127252884643,16.3929931659507,Venonat x 1 | Pidgey x 5 | Rattata x 2 | ,22:47:05 | 23:47:05 | 08:47:05 | 09:47:05 | 10:47:05 | 11:47:05 | 12:47:05 | 13:47:05 | 
52.7025326463011,16.3909929488749,Beedrill x 1 | Weedle x 3 | Rattata x 4 | Hypno x 1 | ,21:55:08 | 22:55:08 | 23:55:08 | 08:55:08 | 09:55:08 | 10:55:08 | 11:55:08 | 12:55:08 | 13:55:08 | 
52.7055163324754,16.3747856594879,Venonat x 1 | Drowzee x 1 | Weedle x 2 | Rattata x 1 | Pidgey x 2 | ,22:27:17 | 23:27:17 | 09:27:17 | 10:27:17 | 12:27:17 | 13:27:17 | 14:27:17 | 
52.7034842526569,16.381856466843,Koffing x 1 | Weedle x 1 | Rattata x 2 | Pidgey x 3 | Kakuna x 1 | ,22:30:06 | 23:30:06 | 09:30:06 | 10:30:06 | 11:30:06 | 12:30:06 | 13:30:06 | 14:30:06 | 
52.7053673077674,16.3709876032508,Weedle x 1 | Drowzee x 1 | Pidgey x 4 | Horsea x 1 | Pidgeotto x 1 | Rattata x 1 | ,22:39:52 | 23:39:52 | 08:39:52 | 09:39:52 | 10:39:52 | 11:39:52 | 12:39:52 | 13:39:52 | 14:39:52 | 
52.7137050036315,16.3981961048451,Spearow x 1 | Weedle x 2 | Pidgey x 2 | Paras x 1 | Seel x 1 | Pidgeotto x 1 | Rattata x 1 | ,22:34:45 | 23:34:45 | 08:34:45 | 09:34:45 | 10:34:45 | 11:34:45 | 12:34:45 | 13:34:45 | 14:34:45 | 
52.710680050067,16.3880360662322,Zubat x 1 | Spearow x 1 | Pidgey x 1 | Rattata x 4 | ,22:28:11 | 23:28:11 | 09:28:11 | 10:28:11 | 12:28:11 | 13:28:11 | 14:28:11 | 
52.7106008178855,16.3740496855931,Zubat x 1 | Weedle x 1 | Venonat x 1 | Pidgey x 2 | Rattata x 3 | ,22:09:29 | 23:09:29 | 00:09:29 | 09:09:29 | 10:09:29 | 11:09:29 | 12:09:29 | 13:09:29 | 
52.7027155759448,16.37819169225,Spearow x 1 | Weedle x 1 | Rattata x 1 | Pidgey x 5 | Caterpie x 1 | ,21:53:20 | 22:53:20 | 23:53:20 | 08:53:20 | 09:53:20 | 10:53:20 | 11:53:20 | 12:53:20 | 13:53:20 | 
52.7105329617118,16.3793785408741,Spearow x 1 | Pidgey x 5 | Rattata x 2 | Horsea x 1 | ,22:30:38 | 23:30:38 | 08:30:38 | 09:30:38 | 10:30:38 | 11:30:38 | 12:30:38 | 13:30:38 | 14:30:38 | 
52.7126410898923,16.3657042159566,Krabby x 1 | Weedle x 3 | Rattata x 3 | Pidgey x 2 | ,22:42:23 | 23:42:23 | 08:42:23 | 09:42:23 | 10:42:23 | 11:42:23 | 12:42:23 | 13:42:23 | 14:42:23 | 
52.7099851260523,16.3735465148254,Pidgeotto x 1 | Spearow x 1 | Weedle x 4 | Rattata x 1 | Pidgey x 2 | ,22:31:55 | 23:31:55 | 08:31:55 | 09:31:55 | 10:31:55 | 11:31:55 | 12:31:55 | 13:31:55 | 14:31:55 | 
52.7113472801469,16.3948380531591,Kakuna x 1 | Pidgey x 3 | Weedle x 2 | Caterpie x 1 | Rattata x 2 | ,22:02:14 | 23:02:14 | 00:02:14 | 09:02:14 | 10:02:14 | 11:02:14 | 12:02:14 | 13:02:14 | 14:02:14 | 
52.7170856582799,16.3609965488628,Weedle x 2 | Rattata x 5 | Pidgey x 2 | ,22:33:46 | 23:33:46 | 08:33:46 | 09:33:46 | 10:33:46 | 11:33:46 | 12:33:46 | 13:33:46 | 14:33:46 | 
52.7009450583794,16.3864443778315,Spearow x 1 | Venonat x 1 | Pidgey x 2 | Paras x 2 | Zubat x 1 | Weedle x 2 | ,22:43:34 | 23:43:34 | 08:43:34 | 09:43:34 | 10:43:34 | 11:43:34 | 12:43:34 | 13:43:34 | 14:43:34 | 
52.7171266057279,16.3667751686801,Weedle x 1 | Pidgey x 2 | Shellder x 1 | ,09:25:10 | 10:25:10 | 12:25:10 | 13:25:10 | 
52.7122044055968,16.3948496360128,Paras x 2 | Weedle x 2 | Rattata x 1 | Pidgey x 3 | Eevee x 1 | ,21:52:02 | 22:52:02 | 23:52:02 | 08:52:02 | 09:52:02 | 10:52:02 | 11:52:02 | 12:52:02 | 13:52:02 | 
52.7156147020903,16.3744210343049,Oddish x 2 | Venonat x 1 | Caterpie x 1 | Pidgey x 1 | Eevee x 3 | Rattata x 1 | ,22:31:26 | 23:31:26 | 08:31:26 | 09:31:26 | 10:31:26 | 11:31:26 | 12:31:26 | 13:31:26 | 14:31:26 | 
52.7142256166032,16.3708890243926,Venonat x 1 | Drowzee x 1 | Caterpie x 1 | Pidgey x 2 | Paras x 1 | Rattata x 3 | ,21:53:42 | 22:53:42 | 23:53:42 | 08:53:42 | 09:53:42 | 10:53:42 | 11:53:42 | 12:53:42 | 13:53:42 | 
52.7526012278613,16.4037776184698,Pidgey x 1 | ,22:50:00 | 
52.7122954748254,16.3675391959283,Drowzee x 1 | Venonat x 1 | Rattata x 3 | Pidgey x 1 | ,22:22:44 | 23:22:44 | 09:22:44 | 10:22:44 | 12:22:44 | 13:22:44 | 
52.7081030517283,16.3795590095776,Spearow x 2 | Rattata x 3 | Pidgey x 4 | ,21:55:39 | 22:55:39 | 23:55:39 | 08:55:39 | 09:55:39 | 10:55:39 | 11:55:39 | 12:55:39 | 13:55:39 | 
52.7134691768979,16.3653138128198,Paras x 1 | Krabby x 1 | Pidgey x 2 | Rattata x 3 | ,22:26:17 | 23:26:17 | 09:26:17 | 10:26:17 | 12:26:17 | 13:26:17 | 14:26:17 | 
52.7109898493869,16.382214619554,Spearow x 3 | Drowzee x 2 | Krabby x 1 | Pidgey x 1 | Horsea x 1 | Rattata x 1 | ,22:05:00 | 23:05:00 | 00:05:00 | 09:05:00 | 10:05:00 | 11:05:00 | 12:05:00 | 13:05:00 | 14:05:00 | 
52.7116082950102,16.3869398720937,Kakuna x 1 | Weedle x 2 | Pidgey x 1 | Rattata x 5 | ,22:44:31 | 23:44:31 | 08:44:31 | 09:44:31 | 10:44:31 | 11:44:31 | 12:44:31 | 13:44:31 | 14:44:31 | 
52.7025575078424,16.3780953166495,Drowzee x 1 | Pidgey x 1 | Weedle x 2 | Caterpie x 1 | Rattata x 4 | ,22:03:42 | 23:03:42 | 00:03:42 | 09:03:42 | 10:03:42 | 11:03:42 | 12:03:42 | 13:03:42 | 14:03:42 | 
52.7126683004647,16.3897608389522,Spearow x 1 | Pidgey x 1 | Weedle x 1 | Caterpie x 1 | Rattata x 5 | ,21:53:38 | 22:53:38 | 23:53:38 | 08:53:38 | 09:53:38 | 10:53:38 | 11:53:38 | 12:53:38 | 13:53:38 | 
52.7189607075315,16.3726243825903,Spearow x 1 | Weedle x 3 | Pidgey x 3 | Rattata x 2 | ,21:48:40 | 22:48:40 | 23:48:40 | 08:48:40 | 09:48:40 | 10:48:40 | 11:48:40 | 12:48:40 | 13:48:40 | 
52.7180287166372,16.371928384806,Weedle x 2 | Krabby x 1 | Pidgey x 1 | Paras x 1 | Pidgeotto x 1 | Rattata x 2 | ,22:30:27 | 23:30:27 | 09:30:27 | 10:30:27 | 11:30:27 | 12:30:27 | 13:30:27 | 14:30:27 | 
52.7034052197107,16.3818082678739,Weedle x 2 | Caterpie x 1 | Pidgey x 2 | Bellsprout x 1 | Venonat x 1 | Rattata x 1 | ,22:48:04 | 23:48:04 | 08:48:04 | 09:48:04 | 10:48:04 | 11:48:04 | 12:48:04 | 13:48:04 | 
52.7104886049167,16.3881750304458,Spearow x 1 | Weedle x 2 | Pidgey x 1 | Rattata x 3 | Raticate x 1 | ,22:48:07 | 23:48:07 | 08:48:07 | 09:48:07 | 10:48:07 | 11:48:07 | 12:48:07 | 13:48:07 | 
52.7024784738844,16.3780471291859,Gastly x 1 | Drowzee x 1 | Pidgey x 4 | Rattata x 3 | ,22:38:27 | 23:38:27 | 08:38:27 | 09:38:27 | 10:38:27 | 11:38:27 | 12:38:27 | 13:38:27 | 14:38:27 | 
52.7125163037965,16.3653724951197,Pidgeotto x 1 | Rattata x 2 | Pidgey x 5 | Eevee x 1 | ,21:58:28 | 22:58:28 | 23:58:28 | 08:58:28 | 09:58:28 | 10:58:28 | 11:58:28 | 12:58:28 | 13:58:28 | 
52.7527426622656,16.4039921150344,Krabby x 5 | ,22:48:58 | 22:53:05 | 22:57:19 | 23:01:28 | 23:01:46 | 
52.7107061385251,16.3957257199294,Drowzee x 2 | Pidgey x 2 | Rattata x 3 | Eevee x 1 | ,22:52:06 | 23:52:06 | 08:52:06 | 09:52:06 | 10:52:06 | 11:52:06 | 12:52:06 | 13:52:06 | 
52.6989280756364,9.0,Kakuna x 11 | Weedle x 12 | Rattata x 7 | Pidgey x 31 | Eevee x 9 | ,22:19:35 | 22:19:56 | 22:23:05 | 22:23:27 | 22:26:42 | 22:27:03 | 22:30:21 | 22:30:42 | 22:32:13 | 23:19:09 | 23:19:31 | 23:23:19 | 23:23:42 | 23:27:32 | 23:27:54 | 23:31:41 | 23:32:03 | 23:32:13 | 00:18:06 | 00:19:40 | 00:19:49 | 00:21:24 | 00:23:10 | 00:23:17 | 08:32:13 | 09:19:50 | 09:20:09 | 09:22:51 | 09:23:10 | 09:25:51 | 09:26:10 | 09:28:53 | 09:29:11 | 09:31:55 | 09:32:13 | 10:17:28 | 10:17:47 | 10:20:33 | 10:20:52 | 10:23:39 | 10:23:58 | 10:26:44 | 10:27:03 | 10:29:45 | 10:30:04 | 10:32:13 | 11:32:13 | 12:19:05 | 12:19:23 | 12:22:04 | 12:22:22 | 12:25:04 | 12:25:21 | 12:28:02 | 12:28:21 | 12:31:03 | 12:31:21 | 12:32:13 | 13:18:53 | 13:19:12 | 13:21:54 | 13:22:12 | 13:24:53 | 13:25:11 | 13:27:52 | 13:28:11 | 13:30:53 | 13:31:10 | 13:32:13 | 14:32:13 | 
52.7146494298721,16.3739604522455,Venonat x 7 | Rattata x 25 | Pidgey x 7 | Eevee x 10 | ,21:58:48 | 22:47:52 | 22:51:59 | 22:56:12 | 22:58:48 | 23:45:52 | 23:49:35 | 23:51:21 | 23:54:55 | 23:56:36 | 23:58:19 | 23:58:48 | 08:45:06 | 08:48:13 | 08:51:14 | 08:54:13 | 08:57:13 | 08:58:48 | 09:45:36 | 09:48:36 | 09:51:35 | 09:54:36 | 09:57:35 | 09:58:48 | 10:46:20 | 10:49:17 | 10:52:16 | 10:55:14 | 10:58:13 | 10:58:48 | 11:44:27 | 11:47:26 | 11:50:25 | 11:53:23 | 11:56:43 | 11:58:48 | 12:44:38 | 12:47:36 | 12:50:34 | 12:53:33 | 12:56:32 | 12:58:48 | 13:44:25 | 13:47:24 | 13:50:22 | 13:53:21 | 13:56:19 | 13:58:48 | 14:46:37 | 
52.712237792479,16.3946142013032,Paras x 1 | Weedle x 2 | Pidgey x 1 | Rattata x 3 | ,22:16:32 | 23:16:32 | 00:16:32 | 09:16:32 | 10:16:32 | 12:16:32 | 13:16:32 | 
52.7563616686598,16.4021046559624,Oddish x 4 | Eevee x 2 | ,22:44:57 | 22:49:04 | 22:53:11 | 22:53:26 | 23:38:46 | 23:40:52 | 
52.7088984000579,16.3769753756047,Zubat x 1 | Spearow x 5 | Venonat x 1 | Rattata x 1 | ,22:27:37 | 23:27:37 | 09:27:37 | 10:27:37 | 11:27:37 | 12:27:37 | 13:27:37 | 14:27:37 | 
52.7146084846377,16.3706109213164,Paras x 6 | Pidgey x 12 | Venonat x 3 | Caterpie x 7 | Rattata x 11 | ,22:32:45 | 22:36:43 | 22:40:29 | 22:44:19 | 22:46:16 | 23:33:59 | 23:38:07 | 23:46:16 | 08:44:55 | 08:46:16 | 09:33:13 | 09:36:17 | 09:39:18 | 09:42:18 | 09:45:25 | 09:46:16 | 10:34:07 | 10:37:06 | 10:40:09 | 10:43:07 | 10:46:08 | 10:46:16 | 11:44:15 | 11:46:16 | 12:32:21 | 12:35:21 | 12:38:21 | 12:41:23 | 12:44:26 | 12:46:16 | 13:32:10 | 13:35:10 | 13:38:10 | 13:41:11 | 13:44:13 | 13:46:16 | 14:40:27 | 14:43:26 | 14:46:16 | 
52.7052382771508,16.3712924586343,Weedle x 5 | Pidgey x 1 | Rattata x 3 | ,21:56:38 | 22:56:38 | 23:56:38 | 08:56:38 | 09:56:38 | 10:56:38 | 11:56:38 | 12:56:38 | 13:56:38 | 
52.7136593637797,16.3979123992898,Kakuna x 1 | Horsea x 1 | Weedle x 4 | Pidgey x 2 | ,22:53:33 | 23:53:33 | 08:53:33 | 09:53:33 | 10:53:33 | 11:53:33 | 12:53:33 | 13:53:33 | 
52.71706900314,16.3611142570847,Krabby x 1 | Caterpie x 1 | Pidgey x 4 | Paras x 1 | Kakuna x 1 | Rattata x 1 | ,22:31:11 | 23:31:11 | 08:31:11 | 09:31:11 | 10:31:11 | 11:31:11 | 12:31:11 | 13:31:11 | 14:31:11 | 
52.7075756763224,16.3754018403179,Zubat x 11 | Spearow x 10 | Weedle x 11 | Rattata x 9 | Pidgey x 61 | ,21:56:57 | 21:57:44 | 21:58:34 | 21:59:58 | 22:01:09 | 22:01:19 | 22:02:33 | 22:02:43 | 22:04:07 | 22:04:17 | 22:05:46 | 22:05:57 | 22:08:03 | 22:08:13 | 22:11:33 | 22:11:37 | 22:57:03 | 22:57:32 | 23:01:11 | 23:01:40 | 23:05:19 | 23:05:47 | 23:09:24 | 23:09:54 | 23:11:37 | 23:57:01 | 23:57:06 | 00:02:13 | 00:03:51 | 00:05:36 | 00:07:15 | 00:08:55 | 00:08:58 | 00:10:39 | 00:10:43 | 00:11:37 | 08:57:09 | 08:58:14 | 09:00:10 | 09:01:16 | 09:03:09 | 09:04:14 | 09:06:10 | 09:07:12 | 09:09:08 | 09:10:13 | 09:11:37 | 09:57:33 | 09:58:37 | 10:00:31 | 10:01:36 | 10:03:31 | 10:04:38 | 10:06:34 | 10:07:41 | 10:09:37 | 10:10:45 | 10:11:37 | 10:58:09 | 10:59:13 | 11:01:07 | 11:02:10 | 11:04:05 | 11:05:08 | 11:07:02 | 11:08:06 | 11:10:00 | 11:11:04 | 11:11:37 | 11:56:40 | 11:57:43 | 11:59:37 | 12:00:40 | 12:02:34 | 12:03:39 | 12:05:33 | 12:06:38 | 12:08:32 | 12:09:36 | 12:11:34 | 12:11:37 | 12:57:32 | 12:59:27 | 13:00:30 | 13:02:25 | 13:03:27 | 13:05:23 | 13:06:26 | 13:08:20 | 13:09:24 | 13:11:21 | 13:11:37 | 13:57:19 | 13:59:14 | 14:00:18 | 14:02:13 | 14:03:16 | 14:05:11 | 14:06:13 | 14:08:08 | 14:09:13 | 14:11:10 | 
52.7030033198077,16.3894900720587,Paras x 1 | Spearow x 1 | Weedle x 2 | Rattata x 2 | Pidgey x 3 | ,21:59:53 | 22:59:53 | 23:59:53 | 08:59:53 | 09:59:53 | 10:59:53 | 11:59:53 | 12:59:53 | 13:59:53 | 
52.7052049500513,16.3715278096849,Weedle x 1 | Rattata x 2 | Pidgey x 3 | ,22:25:06 | 23:25:06 | 09:25:06 | 10:25:06 | 12:25:06 | 13:25:06 | 
52.7080079607974,16.3771996059596,Weedle x 2 | Pidgey x 3 | Beedrill x 1 | ,22:24:11 | 23:24:11 | 09:24:11 | 10:24:11 | 12:24:11 | 13:24:11 | 
52.7051882863007,16.3716454852598,Weedle x 1 | Krabby x 1 | Pidgeotto x 1 | Pidgey x 4 | Raticate x 1 | ,22:11:19 | 23:11:19 | 00:11:19 | 09:11:19 | 10:11:19 | 11:11:19 | 12:11:19 | 13:11:19 | 
52.7085241736344,16.3759800866172,Spearow x 1 | Pidgey x 4 | Rattata x 4 | ,22:09:44 | 23:09:44 | 00:09:44 | 09:09:44 | 10:09:44 | 11:09:44 | 12:09:44 | 13:09:44 | 14:09:44 | 
52.7084111939158,16.3785961770683,Zubat x 1 | Spearow x 2 | Pidgey x 3 | Rattata x 2 | ,22:28:58 | 23:28:58 | 09:28:58 | 10:28:58 | 11:28:58 | 12:28:58 | 13:28:58 | 14:28:58 | 
52.7074342631155,16.3751877830596,Kakuna x 1 | Weedle x 4 | Pidgey x 2 | Rattata x 2 | ,22:34:09 | 23:34:09 | 08:34:09 | 09:34:09 | 10:34:09 | 11:34:09 | 12:34:09 | 13:34:09 | 14:34:09 | 
52.7112034392029,16.3904016870695,Zubat x 1 | Oddish x 1 | Weedle x 1 | Pidgey x 1 | Rattata x 2 | ,22:19:53 | 23:19:53 | 09:19:53 | 10:19:53 | 12:19:53 | 13:19:53 | 
52.712720141938,16.3657523807814,Weedle x 6 | Squirtle x 1 | Rattata x 2 | ,22:00:16 | 23:00:16 | 00:00:16 | 09:00:16 | 10:00:16 | 11:00:16 | 12:00:16 | 13:00:16 | 14:00:16 | 
52.712492594382,16.3922116231391,Beedrill x 1 | Weedle x 4 | Rattata x 1 | Pidgey x 2 | Eevee x 1 | ,22:02:09 | 23:02:09 | 00:02:09 | 09:02:09 | 10:02:09 | 11:02:09 | 12:02:09 | 13:02:09 | 14:02:09 | 
52.7117997418136,16.3868008978026,Kakuna x 1 | Bulbasaur x 1 | Weedle x 1 | Caterpie x 1 | Pidgey x 3 | ,22:28:23 | 23:28:23 | 09:28:23 | 10:28:23 | 12:28:23 | 13:28:23 | 14:28:23 | 
52.7077985487394,16.3823141311483,Magikarp x 1 | Drowzee x 7 | Machop x 1 | Jynx x 1 | ,21:42:18 | 22:42:18 | 23:42:18 | 08:42:18 | 09:42:18 | 10:42:18 | 11:42:18 | 12:42:18 | 13:42:18 | 14:42:18 | 
52.7547633459134,16.4012562487215,Weedle x 1 | ,22:58:33 | 
52.7160446410633,16.3671387846278,Pidgeotto x 1 | Venonat x 1 | Weedle x 2 | Caterpie x 1 | Pidgey x 4 | ,21:49:14 | 22:49:14 | 23:49:14 | 08:49:14 | 09:49:14 | 10:49:14 | 11:49:14 | 12:49:14 | 13:49:14 | 
52.708424701683,16.3742573786142,Pidgeotto x 1 | Weedle x 4 | Caterpie x 1 | Meowth x 1 | ,22:14:29 | 23:14:29 | 00:14:29 | 09:14:29 | 10:14:29 | 12:14:29 | 13:14:29 | 
52.7201051222491,16.3724267948325,Zubat x 1 | Oddish x 1 | Weedle x 1 | Pidgey x 2 | Rattata x 2 | ,22:12:07 | 23:12:07 | 00:12:07 | 09:12:07 | 10:12:07 | 12:12:07 | 13:12:07 | 
52.6968015781724,16.3866014259381,Weedle x 39 | Pidgey x 8 | Rattata x 23 | Caterpie x 11 | ,22:09:25 | 22:12:56 | 22:16:25 | 22:19:55 | 22:20:42 | 22:54:45 | 22:58:53 | 23:03:02 | 23:07:09 | 23:11:15 | 23:15:21 | 23:19:28 | 23:20:42 | 23:54:13 | 23:55:58 | 23:57:42 | 23:59:20 | 00:02:47 | 00:11:17 | 00:12:59 | 00:18:04 | 00:19:47 | 00:20:42 | 08:53:00 | 08:56:00 | 08:59:00 | 09:01:59 | 09:04:58 | 09:07:57 | 09:10:57 | 09:14:04 | 09:17:06 | 09:20:06 | 09:20:42 | 09:53:22 | 09:56:22 | 09:59:21 | 10:02:21 | 10:05:22 | 10:08:26 | 10:11:30 | 10:14:37 | 10:17:43 | 10:20:42 | 10:51:02 | 10:54:01 | 10:57:00 | 10:59:56 | 11:02:55 | 11:05:52 | 11:08:50 | 11:11:48 | 11:52:10 | 11:55:28 | 11:58:26 | 12:01:24 | 12:04:23 | 12:07:22 | 12:10:21 | 12:13:23 | 12:16:22 | 12:19:21 | 12:20:42 | 12:52:19 | 12:55:18 | 12:58:16 | 13:01:14 | 13:04:12 | 13:07:10 | 13:10:09 | 13:13:11 | 13:16:11 | 13:19:10 | 13:20:42 | 13:52:07 | 13:55:05 | 13:58:04 | 14:01:03 | 14:04:01 | 14:06:57 | 14:09:57 | 
52.7115705423783,16.3878120627558,Caterpie x 1 | Drowzee x 1 | Weedle x 3 | Golbat x 1 | Raticate x 1 | ,22:18:12 | 23:18:12 | 00:18:12 | 09:18:12 | 10:18:12 | 12:18:12 | 13:18:12 | 
52.7088193583968,16.3769271839861,Rattata x 4 | Pidgey x 5 | ,22:38:10 | 23:38:10 | 08:38:10 | 09:38:10 | 10:38:10 | 11:38:10 | 12:38:10 | 13:38:10 | 14:38:10 | 
52.7036423187358,16.3819528654546,Zubat x 13 | Weedle x 43 | Pidgey x 26 | Rattata x 9 | ,21:56:45 | 22:42:05 | 22:42:28 | 22:46:10 | 22:46:33 | 22:50:17 | 22:50:41 | 22:54:29 | 22:54:52 | 22:56:45 | 23:43:17 | 23:43:28 | 23:45:08 | 23:45:18 | 23:47:03 | 23:47:14 | 23:48:51 | 23:49:02 | 23:52:22 | 23:52:33 | 23:55:53 | 23:56:04 | 23:56:45 | 08:46:46 | 08:47:05 | 08:49:48 | 08:50:06 | 08:52:48 | 08:53:06 | 08:55:48 | 08:56:05 | 08:56:45 | 09:44:10 | 09:44:29 | 09:47:10 | 09:47:27 | 09:50:09 | 09:50:27 | 09:53:10 | 09:53:28 | 09:56:10 | 09:56:28 | 09:56:45 | 10:41:53 | 10:42:11 | 10:44:54 | 10:45:12 | 10:47:52 | 10:48:10 | 10:50:50 | 10:51:09 | 10:53:49 | 10:54:07 | 10:56:45 | 11:43:02 | 11:43:20 | 11:46:00 | 11:46:18 | 11:48:59 | 11:49:17 | 11:51:58 | 11:52:16 | 11:55:17 | 11:55:36 | 11:56:45 | 12:43:12 | 12:43:30 | 12:46:10 | 12:46:29 | 12:49:09 | 12:49:26 | 12:52:07 | 12:52:25 | 12:55:06 | 12:55:24 | 12:56:45 | 13:43:00 | 13:43:18 | 13:45:58 | 13:46:16 | 13:48:58 | 13:49:15 | 13:51:55 | 13:52:13 | 13:54:53 | 13:55:11 | 13:56:45 | 14:42:13 | 14:42:30 | 14:45:11 | 14:45:29 | 
52.7124663268819,16.3657255829595,Drowzee x 2 | Weedle x 4 | Rattata x 2 | Pidgey x 1 | ,21:59:14 | 22:59:14 | 23:59:14 | 08:59:14 | 09:59:14 | 10:59:14 | 11:59:14 | 12:59:14 | 13:59:14 | 
52.717210466753,16.3613282804696,Gastly x 1 | Weedle x 3 | Pidgey x 1 | Rattata x 4 | ,22:01:57 | 23:01:57 | 00:01:57 | 09:01:57 | 10:01:57 | 11:01:57 | 12:01:57 | 13:01:57 | 14:01:57 | 
52.7006543596724,16.3848607544908,Zubat x 6 | Weedle x 8 | Rattata x 9 | Pidgey x 19 | ,22:34:07 | 22:37:56 | 22:41:45 | 22:45:50 | 22:48:16 | 23:35:33 | 23:39:40 | 23:41:18 | 23:45:00 | 23:46:58 | 23:48:16 | 08:46:33 | 08:48:16 | 09:34:49 | 09:37:50 | 09:40:51 | 09:43:56 | 09:46:55 | 09:48:16 | 10:35:38 | 10:38:40 | 10:41:39 | 10:44:39 | 10:47:37 | 10:48:16 | 11:42:46 | 11:45:45 | 11:48:16 | 12:33:53 | 12:36:53 | 12:39:53 | 12:42:57 | 12:45:55 | 12:48:16 | 13:33:41 | 13:36:42 | 13:39:41 | 13:42:45 | 13:45:43 | 13:48:16 | 14:41:57 | 14:44:57 | 
52.7091559062237,16.3787945578341,Spearow x 1 | Drowzee x 1 | Rattata x 3 | Pidgey x 3 | Raticate x 1 | ,22:30:45 | 23:30:45 | 08:30:45 | 09:30:45 | 10:30:45 | 11:30:45 | 12:30:45 | 13:30:45 | 14:30:45 | 
52.7110681378852,16.3846920686231,Spearow x 1 | Magnemite x 1 | Magikarp x 1 | Pidgey x 2 | Pidgeotto x 1 | Rattata x 2 | ,22:51:46 | 23:51:46 | 08:51:46 | 09:51:46 | 10:51:46 | 11:51:46 | 12:51:46 | 13:51:46 | 
52.7025951642169,16.3772234315256,Weedle x 8 | Pidgey x 6 | Kakuna x 6 | Zubat x 7 | Pidgeotto x 5 | Rattata x 18 | ,22:00:44 | 22:46:41 | 22:50:51 | 22:55:00 | 22:59:09 | 23:00:44 | 23:47:19 | 23:49:04 | 23:54:23 | 23:56:05 | 23:57:48 | 23:59:29 | 00:00:44 | 08:48:28 | 08:51:29 | 08:54:29 | 08:57:27 | 09:00:28 | 09:00:44 | 09:45:51 | 09:48:51 | 09:51:50 | 09:54:51 | 09:57:51 | 10:00:44 | 10:46:34 | 10:49:33 | 10:52:31 | 10:55:29 | 10:58:28 | 11:00:44 | 11:47:41 | 11:50:40 | 11:53:38 | 11:56:58 | 11:59:55 | 12:00:44 | 12:47:53 | 12:50:50 | 12:53:47 | 12:56:46 | 12:59:44 | 13:00:44 | 13:47:39 | 13:50:37 | 13:53:36 | 13:56:33 | 13:59:32 | 14:00:44 | 14:46:52 | 
52.7183672753144,16.3616493720564,Weedle x 1 | Drowzee x 1 | Pidgey x 1 | Hypno x 1 | Eevee x 2 | Zubat x 1 | Venonat x 1 | Rattata x 1 | ,22:06:37 | 23:06:37 | 00:06:37 | 09:06:37 | 10:06:37 | 11:06:37 | 12:06:37 | 13:06:37 | 14:06:37 | 
52.7107440202014,16.3833434451853,Spearow x 1 | Gastly x 1 | Rattata x 1 | Pidgey x 3 | ,22:26:03 | 23:26:03 | 09:26:03 | 10:26:03 | 12:26:03 | 13:26:03 | 
52.7108583828796,16.3758688774991,Venonat x 1 | Pidgey x 2 | Rattata x 3 | ,22:24:59 | 23:24:59 | 09:24:59 | 10:24:59 | 12:24:59 | 13:24:59 | 
52.7025118146489,16.3778117868323,Pidgeotto x 1 | Spearow x 1 | Weedle x 4 | Rattata x 2 | Pidgey x 1 | ,22:31:50 | 23:31:50 | 08:31:50 | 09:31:50 | 10:31:50 | 11:31:50 | 12:31:50 | 13:31:50 | 14:31:50 | 
52.7077047241902,16.3750969655554,Spearow x 1 | Weedle x 2 | Pidgey x 2 | Rattata x 4 | ,21:49:05 | 22:49:05 | 23:49:05 | 08:49:05 | 09:49:05 | 10:49:05 | 11:49:05 | 12:49:05 | 13:49:05 | 
52.7126374027539,16.3942185889182,Meowth x 1 | Zubat x 1 | Weedle x 1 | Rattata x 2 | Pidgey x 3 | ,22:49:06 | 23:49:06 | 08:49:06 | 09:49:06 | 10:49:06 | 11:49:06 | 12:49:06 | 13:49:06 | 
52.7126577490292,16.3655865193943,Weedle x 1 | Caterpie x 6 | Bellsprout x 6 | Hypno x 1 | Seel x 6 | Pidgeotto x 4 | Rattata x 13 | ,22:25:19 | 22:28:51 | 22:32:45 | 22:36:38 | 22:37:09 | 23:25:40 | 23:29:48 | 23:33:57 | 23:37:09 | 00:22:24 | 08:37:09 | 09:22:10 | 09:25:11 | 09:28:10 | 09:31:14 | 09:34:15 | 09:37:09 | 10:22:53 | 10:26:00 | 10:29:03 | 10:32:05 | 10:35:09 | 10:37:09 | 11:37:09 | 12:24:24 | 12:27:23 | 12:30:22 | 12:33:22 | 12:36:24 | 12:37:09 | 13:24:13 | 13:27:13 | 13:30:12 | 13:33:12 | 13:36:12 | 13:37:09 | 14:37:09 | 
52.7099623193309,16.3815879257065,Krabby x 1 | Weedle x 1 | Drowzee x 4 | Nidoran♂ x 1 | Zubat x 1 | Seel x 1 | ,22:08:25 | 23:08:25 | 00:08:25 | 09:08:25 | 10:08:25 | 11:08:25 | 12:08:25 | 13:08:25 | 14:08:25 | 
52.702407018469,16.3930899933383,Gastly x 1 | Weedle x 1 | Pidgey x 1 | Rattata x 5 | Caterpie x 1 | ,21:55:07 | 22:55:07 | 23:55:07 | 08:55:07 | 09:55:07 | 10:55:07 | 11:55:07 | 12:55:07 | 13:55:07 | 
52.7008791276981,16.3844864803998,Psyduck x 1 | Weedle x 3 | Pidgey x 4 | Rattata x 1 | ,22:06:53 | 23:06:53 | 00:06:53 | 09:06:53 | 10:06:53 | 11:06:53 | 12:06:53 | 13:06:53 | 14:06:53 | 
52.7096065701009,16.3731879084361,Paras x 1 | Spearow x 1 | Pidgey x 2 | Rattata x 3 | ,22:13:27 | 23:13:27 | 00:13:27 | 09:13:27 | 10:13:27 | 12:13:27 | 13:13:27 | 
52.701377928181,16.3858135007797,Paras x 1 | Weedle x 2 | Pidgey x 2 | Rattata x 1 | Caterpie x 1 | ,22:21:41 | 23:21:41 | 00:21:41 | 09:21:41 | 10:21:41 | 12:21:41 | 13:21:41 | 
52.7169899437072,16.3610661001642,Goldeen x 1 | Pidgey x 1 | Caterpie x 1 | Kakuna x 1 | Rattata x 2 | Poliwag x 1 | ,22:16:30 | 23:16:30 | 00:16:30 | 09:16:30 | 10:16:30 | 12:16:30 | 13:16:30 | 
52.719618846448,16.3691890554762,Weedle x 1 | Gastly x 1 | Pidgeotto x 1 | Rattata x 3 | Raticate x 1 | ,22:28:08 | 23:28:08 | 09:28:08 | 10:28:08 | 12:28:08 | 13:28:08 | 14:28:08 | 
52.706038718041,16.3820079874509,Weedle x 4 | Rattata x 1 | Pidgey x 3 | ,22:56:13 | 23:56:13 | 08:56:13 | 09:56:13 | 10:56:13 | 11:56:13 | 12:56:13 | 13:56:13 | 
52.7058632323133,16.3844581404266,Venonat x 1 | Gastly x 1 | Weedle x 3 | Pidgey x 1 | Rattata x 2 | ,22:30:59 | 23:30:59 | 09:30:59 | 10:30:59 | 11:30:59 | 12:30:59 | 13:30:59 | 14:30:59 | 
52.6997078992964,16.3909314280012,Kakuna x 1 | Spearow x 1 | Weedle x 3 | Rattata x 1 | Pidgey x 3 | ,21:55:50 | 22:55:50 | 23:55:50 | 08:55:50 | 09:55:50 | 10:55:50 | 11:55:50 | 12:55:50 | 13:55:50 | 
52.7112508416976,16.385826589726,Pidgeotto x 1 | Oddish x 1 | Weedle x 2 | Rattata x 1 | Pidgey x 2 | ,22:15:30 | 23:15:30 | 00:15:30 | 09:15:30 | 10:15:30 | 12:15:30 | 13:15:30 | 
52.7547299156401,16.4014919853315,Rattata x 1 | ,23:04:33 | 
52.7116328960021,16.3879779979159,Kakuna x 1 | Rattata x 2 | Pidgey x 4 | Zubat x 1 | ,22:47:35 | 23:47:35 | 08:47:35 | 09:47:35 | 10:47:35 | 11:47:35 | 12:47:35 | 13:47:35 | 
52.7077238577412,16.381629260977,Nidoran♂ x 17 | Spearow x 16 | Krabby x 1 | Pidgey x 1 | Rattata x 33 | ,21:45:00 | 22:18:02 | 22:21:31 | 22:25:07 | 22:28:38 | 22:32:18 | 22:36:20 | 22:40:08 | 22:43:58 | 22:45:00 | 23:16:59 | 23:21:05 | 23:25:21 | 23:29:28 | 23:33:37 | 23:37:45 | 23:42:14 | 23:45:00 | 00:18:49 | 00:22:15 | 08:45:00 | 09:16:00 | 09:19:00 | 09:22:01 | 09:25:02 | 09:28:02 | 09:31:04 | 09:34:07 | 09:37:11 | 09:40:11 | 09:43:14 | 09:45:00 | 10:16:32 | 10:19:39 | 10:22:45 | 10:25:51 | 10:28:55 | 10:31:57 | 10:35:00 | 10:38:00 | 10:41:02 | 10:44:04 | 10:45:00 | 11:45:00 | 12:15:18 | 12:18:16 | 12:21:16 | 12:24:15 | 12:27:14 | 12:30:13 | 12:33:14 | 12:36:14 | 12:39:14 | 12:42:18 | 12:45:00 | 13:15:06 | 13:18:05 | 13:21:04 | 13:24:04 | 13:27:03 | 13:30:03 | 13:33:03 | 13:36:03 | 13:39:04 | 13:42:08 | 13:45:00 | 14:41:21 | 14:44:19 | 
52.7030803962595,16.3828886387366,Weedle x 1 | Drowzee x 1 | Pidgey x 1 | Eevee x 1 | Rattata x 2 | Raticate x 1 | ,22:16:39 | 23:16:39 | 00:16:39 | 09:16:39 | 10:16:39 | 12:16:39 | 13:16:39 | 
52.7033478508418,16.3785772036258,Paras x 1 | Kakuna x 2 | Weedle x 1 | Rattata x 3 | ,22:20:02 | 23:20:02 | 00:20:02 | 09:20:02 | 10:20:02 | 12:20:02 | 13:20:02 | 
52.7018448975947,16.3825186589504,Drowzee x 1 | Rattata x 2 | Pidgey x 3 | Eevee x 1 | ,22:14:39 | 23:14:39 | 00:14:39 | 09:14:39 | 10:14:39 | 12:14:39 | 13:14:39 | 
52.7108107370246,16.3828726311116,Gastly x 1 | Venonat x 1 | Pidgey x 4 | Rattata x 3 | ,22:32:03 | 23:32:03 | 08:32:03 | 09:32:03 | 10:32:03 | 11:32:03 | 12:32:03 | 13:32:03 | 14:32:03 | 
52.7188162293722,16.3657588270406,Weedle x 2 | Rattata x 4 | Pidgey x 1 | ,22:13:18 | 23:13:18 | 00:13:18 | 09:13:18 | 10:13:18 | 12:13:18 | 13:13:18 | 
52.7028285792349,16.3895113142214,Weedle x 2 | Spearow x 1 | Pidgeotto x 1 | Pidgey x 5 | ,21:59:48 | 22:59:48 | 23:59:48 | 08:59:48 | 09:59:48 | 10:59:48 | 11:59:48 | 12:59:48 | 13:59:48 | 
52.7051716224162,16.3717631608677,Gastly x 6 | Weedle x 11 | Rattata x 13 | Pidgey x 10 | ,22:10:49 | 22:14:18 | 22:17:47 | 22:21:17 | 22:23:33 | 23:12:40 | 23:16:46 | 23:20:53 | 23:23:33 | 00:13:37 | 00:16:59 | 00:22:10 | 00:23:33 | 09:09:47 | 09:12:47 | 09:15:55 | 09:18:55 | 09:21:56 | 09:23:33 | 10:10:17 | 10:13:24 | 10:16:28 | 10:19:34 | 10:22:40 | 10:23:33 | 11:10:40 | 11:13:46 | 12:09:12 | 12:12:15 | 12:15:13 | 12:18:12 | 12:21:11 | 12:23:33 | 13:09:01 | 13:12:01 | 13:15:02 | 13:18:00 | 13:21:00 | 13:23:33 | 14:08:48 | 
52.7079399464417,16.3825282355255,Paras x 1 | Drowzee x 4 | Eevee x 1 | ,22:22:31 | 23:22:31 | 09:22:31 | 10:22:31 | 12:22:31 | 13:22:31 | 
52.71843389929,16.3611785199235,Venonat x 1 | Weedle x 2 | Rattata x 3 | Pidgey x 1 | ,22:16:59 | 23:16:59 | 00:16:59 | 09:16:59 | 10:16:59 | 12:16:59 | 13:16:59 | 
52.7186829348983,16.3667005704069,Venonat x 1 | Krabby x 1 | Fearow x 1 | Paras x 2 | Pidgey x 2 | Rattata x 3 | ,21:43:33 | 22:43:33 | 23:43:33 | 08:43:33 | 09:43:33 | 10:43:33 | 11:43:33 | 12:43:33 | 13:43:33 | 14:43:33 | 
52.7177012292221,16.3639286903528,Weedle x 1 | Caterpie x 1 | Pidgey x 3 | Paras x 2 | Rattata x 4 | Eevee x 2 | Meowth x 2 | ,21:52:39 | 22:22:39 | 22:52:39 | 23:22:39 | 23:52:39 | 08:52:39 | 09:22:39 | 09:52:39 | 10:22:39 | 10:52:39 | 11:52:39 | 12:22:39 | 12:52:39 | 13:22:39 | 13:52:39 | 
52.7188286417969,16.3662778717405,Spearow x 1 | Jigglypuff x 1 | Weedle x 4 | Rattata x 1 | Pidgey x 2 | ,22:32:35 | 23:32:35 | 08:32:35 | 09:32:35 | 10:32:35 | 11:32:35 | 12:32:35 | 13:32:35 | 14:32:35 | 
52.7167609835373,16.3620773134137,Paras x 3 | Jigglypuff x 6 | Weedle x 16 | Pidgey x 23 | ,21:53:18 | 22:41:00 | 22:45:08 | 22:49:14 | 22:53:18 | 23:38:57 | 23:40:58 | 23:46:38 | 23:48:23 | 23:50:09 | 23:51:54 | 23:53:18 | 08:44:39 | 08:47:45 | 08:50:46 | 08:53:18 | 09:39:03 | 09:42:04 | 09:45:08 | 09:48:08 | 09:51:08 | 09:53:18 | 10:39:52 | 10:42:51 | 10:45:51 | 10:48:49 | 10:51:48 | 10:53:18 | 11:43:59 | 11:46:57 | 11:49:57 | 11:52:55 | 11:53:18 | 12:41:05 | 12:44:09 | 12:47:08 | 12:50:06 | 12:53:05 | 12:53:18 | 13:40:56 | 13:43:57 | 13:46:56 | 13:49:54 | 13:52:53 | 13:53:18 | 14:40:11 | 14:43:10 | 14:46:09 | 
52.7066122638757,16.3840199894543,Venonat x 1 | Pidgey x 1 | Eevee x 1 | Weedle x 1 | Rattata x 2 | Poliwrath x 1 | ,22:13:35 | 23:13:35 | 00:13:35 | 09:13:35 | 10:13:35 | 12:13:35 | 13:13:35 | 
52.752272715549,16.4030645948486,Rattata x 1 | ,22:58:17 | 
52.7098999559834,16.3814220208209,Hypno x 1 | Gastly x 2 | Drowzee x 5 | Shellder x 1 | ,22:02:32 | 23:02:32 | 00:02:32 | 09:02:32 | 10:02:32 | 11:02:32 | 12:02:32 | 13:02:32 | 14:02:32 | 
52.7116310465902,16.3928369123916,Weedle x 4 | Pidgey x 3 | Rattata x 2 | ,21:58:14 | 22:58:14 | 23:58:14 | 08:58:14 | 09:58:14 | 10:58:14 | 11:58:14 | 12:58:14 | 13:58:14 | 
52.7001952327189,16.389311005061,Seel x 1 | Weedle x 2 | Rattata x 3 | Pidgey x 2 | ,22:46:04 | 23:46:04 | 08:46:04 | 09:46:04 | 10:46:04 | 11:46:04 | 12:46:04 | 13:46:04 | 
52.7108397400095,16.3832739529533,Spearow x 1 | Drowzee x 1 | Rattata x 2 | Pidgey x 3 | ,22:15:25 | 23:15:25 | 00:15:25 | 09:15:25 | 10:15:25 | 12:15:25 | 13:15:25 | 
52.7141837167376,16.3723978682563,Venonat x 1 | Weedle x 2 | Rattata x 2 | Pidgey x 3 | Caterpie x 1 | ,21:57:22 | 22:57:22 | 23:57:22 | 08:57:22 | 09:57:22 | 10:57:22 | 11:57:22 | 12:57:22 | 13:57:22 | 
52.7077670967301,16.3752628379955,Spearow x 1 | Weedle x 2 | Shellder x 1 | Rattata x 2 | Eevee x 2 | Poliwag x 1 | ,21:47:21 | 22:47:21 | 23:47:21 | 08:47:21 | 09:47:21 | 10:47:21 | 11:47:21 | 12:47:21 | 13:47:21 | 
52.6991213653167,16.3908292327701,Krabby x 1 | Weedle x 2 | Pidgey x 2 | Rattata x 2 | Caterpie x 2 | ,22:42:30 | 23:42:30 | 08:42:30 | 09:42:30 | 10:42:30 | 11:42:30 | 12:42:30 | 13:42:30 | 14:42:30 | 
52.6994664266069,16.3914233437704,Weedle x 11 | Drowzee x 10 | Pidgey x 16 | Beedrill x 9 | Rattata x 22 | Raticate x 11 | ,22:38:06 | 22:38:26 | 22:41:55 | 22:42:16 | 22:46:01 | 22:46:22 | 22:50:10 | 22:50:31 | 22:50:57 | 23:36:04 | 23:39:50 | 23:41:19 | 23:43:12 | 23:45:02 | 23:45:11 | 23:46:59 | 23:48:55 | 23:50:41 | 23:50:57 | 08:46:41 | 08:46:56 | 08:49:43 | 08:49:59 | 08:50:57 | 09:37:59 | 09:38:14 | 09:41:00 | 09:41:15 | 09:44:04 | 09:44:21 | 09:47:04 | 09:47:20 | 09:50:04 | 09:50:20 | 09:50:57 | 10:36:03 | 10:38:48 | 10:39:04 | 10:41:47 | 10:42:03 | 10:44:48 | 10:45:04 | 10:47:46 | 10:48:02 | 10:50:44 | 10:50:57 | 11:42:55 | 11:43:12 | 11:45:54 | 11:46:11 | 11:48:53 | 11:49:09 | 11:50:57 | 12:37:01 | 12:37:18 | 12:40:02 | 12:40:18 | 12:43:06 | 12:43:22 | 12:46:04 | 12:46:21 | 12:49:03 | 12:49:19 | 12:50:57 | 13:36:51 | 13:37:07 | 13:39:50 | 13:40:06 | 13:42:53 | 13:43:10 | 13:45:52 | 13:46:08 | 13:48:50 | 13:49:08 | 13:50:57 | 14:42:06 | 14:42:23 | 14:45:05 | 14:45:21 | 
52.7093861035042,16.3729256724032,Kakuna x 1 | Venonat x 1 | Weedle x 1 | Pidgey x 4 | Rattata x 3 | ,21:44:08 | 22:44:08 | 23:44:08 | 08:44:08 | 09:44:08 | 10:44:08 | 11:44:08 | 12:44:08 | 13:44:08 | 14:44:08 | 
52.7116205968782,16.3874589333988,Weedle x 3 | Caterpie x 1 | Pidgey x 1 | Paras x 1 | Kakuna x 1 | Rattata x 2 | ,22:04:09 | 23:04:09 | 00:04:09 | 09:04:09 | 10:04:09 | 11:04:09 | 12:04:09 | 13:04:09 | 14:04:09 | 
52.7546263932285,16.4004041107447,Paras x 8 | ,23:01:32 | 23:05:39 | 23:09:45 | 23:13:51 | 23:17:58 | 23:22:07 | 23:26:20 | 23:27:34 | 
52.708407305987,16.3907416045172,Weedle x 2 | Pidgeotto x 2 | Rattata x 2 | Pidgey x 2 | Eevee x 1 | ,21:55:50 | 22:55:50 | 23:55:50 | 08:55:50 | 09:55:50 | 10:55:50 | 11:55:50 | 12:55:50 | 13:55:50 | 
52.711448423765,16.3917022583631,Weedle x 2 | Pidgey x 3 | Rattata x 4 | ,22:45:07 | 23:45:07 | 08:45:07 | 09:45:07 | 10:45:07 | 11:45:07 | 12:45:07 | 13:45:07 | 14:45:07 | 
52.7142170517302,16.3721624543336,Venonat x 1 | Drowzee x 3 | Pidgeotto x 1 | Rattata x 2 | Weedle x 2 | ,22:02:09 | 23:02:09 | 00:02:09 | 09:02:09 | 10:02:09 | 11:02:09 | 12:02:09 | 13:02:09 | 14:02:09 | 
52.6993250653347,16.3912092316493,Shellder x 11 | Weedle x 14 | Pidgey x 11 | Rattata x 13 | Eevee x 18 | ,22:30:17 | 22:30:37 | 22:34:20 | 22:34:41 | 22:38:06 | 22:38:26 | 22:41:56 | 22:42:16 | 22:43:42 | 23:31:36 | 23:31:57 | 23:35:44 | 23:36:04 | 23:39:51 | 23:43:12 | 23:43:42 | 08:43:42 | 09:28:51 | 09:29:07 | 09:31:54 | 09:32:09 | 09:34:58 | 09:35:14 | 09:37:59 | 09:38:14 | 09:41:00 | 09:41:15 | 09:43:42 | 10:29:44 | 10:30:00 | 10:32:48 | 10:33:04 | 10:35:47 | 10:36:03 | 10:38:49 | 10:39:04 | 10:41:47 | 10:42:03 | 10:43:42 | 11:42:55 | 11:43:12 | 11:43:42 | 12:31:01 | 12:31:17 | 12:34:02 | 12:34:18 | 12:37:01 | 12:37:18 | 12:40:02 | 12:40:18 | 12:43:06 | 12:43:22 | 12:43:42 | 13:30:50 | 13:31:06 | 13:33:50 | 13:34:06 | 13:36:51 | 13:37:07 | 13:39:51 | 13:40:06 | 13:42:53 | 13:43:10 | 13:43:42 | 14:42:06 | 14:42:23 | 14:43:42 | 
52.7027032235178,16.3776728173013,Spearow x 1 | Jigglypuff x 1 | Weedle x 3 | Pidgey x 3 | Beedrill x 1 | ,22:38:07 | 23:38:07 | 08:38:07 | 09:38:07 | 10:38:07 | 11:38:07 | 12:38:07 | 13:38:07 | 14:38:07 | 
52.7118092281252,16.3946084130265,Paras x 1 | Metapod x 1 | Weedle x 3 | Pidgey x 2 | Rattata x 2 | ,22:08:25 | 23:08:25 | 00:08:25 | 09:08:25 | 10:08:25 | 11:08:25 | 12:08:25 | 13:08:25 | 14:08:25 | 
52.711143579198,16.3829477694414,Spearow x 7 | Fearow x 6 | Pidgey x 13 | Rattata x 12 | ,22:21:41 | 22:25:17 | 22:28:48 | 22:32:26 | 22:34:25 | 23:21:14 | 23:25:29 | 23:29:38 | 23:33:46 | 23:34:25 | 00:24:06 | 08:34:25 | 09:22:07 | 09:25:08 | 09:28:08 | 09:31:11 | 09:34:13 | 09:34:25 | 10:19:46 | 10:22:51 | 10:25:59 | 10:29:01 | 10:32:04 | 10:34:25 | 11:34:25 | 12:21:22 | 12:24:22 | 12:27:21 | 12:30:20 | 12:33:20 | 12:34:25 | 13:21:11 | 13:24:11 | 13:27:10 | 13:30:10 | 13:33:10 | 13:34:25 | 14:34:25 | 
52.7084327685274,16.3754129513507,Rattata x 1 | Pidgey x 6 | ,22:19:48 | 23:19:48 | 00:19:48 | 09:19:48 | 10:19:48 | 12:19:48 | 13:19:48 | 
52.7109231354477,16.3826854340691,Spearow x 3 | Rattata x 6 | Pidgey x 9 | ,22:04:44 | 22:34:44 | 23:04:44 | 23:34:44 | 00:04:44 | 08:34:44 | 09:04:44 | 09:34:44 | 10:04:44 | 10:34:44 | 11:04:44 | 11:34:44 | 12:04:44 | 12:34:44 | 13:04:44 | 13:34:44 | 14:04:44 | 14:34:44 | 
52.7006463984487,16.3837053218689,Pidgeotto x 5 | Weedle x 22 | Rattata x 7 | Pidgey x 4 | Zubat x 6 | ,22:08:51 | 22:12:20 | 22:15:50 | 22:18:55 | 23:06:34 | 23:10:41 | 23:14:46 | 23:18:53 | 23:18:55 | 00:05:57 | 00:09:19 | 00:12:46 | 00:17:50 | 00:18:55 | 09:04:31 | 09:07:31 | 09:10:31 | 09:13:37 | 09:16:39 | 09:18:55 | 10:04:56 | 10:08:00 | 10:11:04 | 10:14:11 | 10:17:18 | 10:18:55 | 11:05:26 | 11:08:23 | 11:11:21 | 12:03:56 | 12:06:55 | 12:09:54 | 12:12:57 | 12:15:55 | 12:18:54 | 12:18:55 | 13:06:43 | 13:09:41 | 13:12:44 | 13:15:43 | 13:18:43 | 13:18:55 | 14:06:31 | 14:09:30 | 
52.7107183941477,16.3962448190974,Weedle x 5 | Gastly x 2 | Caterpie x 4 | Eevee x 2 | Rattata x 3 | Raticate x 2 | ,22:03:55 | 22:33:55 | 23:03:55 | 23:33:55 | 00:03:55 | 08:33:55 | 09:03:55 | 09:33:55 | 10:03:55 | 10:33:55 | 11:03:55 | 11:33:55 | 12:03:55 | 12:33:55 | 13:03:55 | 13:33:55 | 14:03:55 | 14:33:55 | 
52.7133844068366,16.3986399585669,Nidoran♀ x 1 | Spearow x 10 | Weedle x 7 | Rattata x 7 | Pidgey x 10 | ,22:29:46 | 22:33:49 | 22:33:54 | 23:22:45 | 23:26:56 | 23:31:06 | 23:33:54 | 00:21:09 | 08:33:54 | 09:21:29 | 09:24:30 | 09:27:29 | 09:30:32 | 09:33:34 | 09:33:54 | 10:19:07 | 10:22:12 | 10:25:19 | 10:28:23 | 10:31:25 | 10:33:54 | 11:33:54 | 12:20:43 | 12:23:43 | 12:26:42 | 12:29:41 | 12:32:41 | 12:33:54 | 13:20:32 | 13:23:32 | 13:26:31 | 13:29:31 | 13:32:31 | 13:33:54 | 14:33:54 | 
52.7074960591515,16.3777824686783,Weedle x 3 | Pidgey x 2 | Rattata x 3 | Raticate x 1 | ,22:39:12 | 23:39:12 | 08:39:12 | 09:39:12 | 10:39:12 | 11:39:12 | 12:39:12 | 13:39:12 | 14:39:12 | 
52.716527113922,16.3685835801863,Venonat x 1 | Weedle x 1 | Caterpie x 1 | Rattata x 2 | Raticate x 2 | ,22:23:02 | 23:23:02 | 00:23:02 | 09:23:02 | 10:23:02 | 12:23:02 | 13:23:02 | 
52.711237702998,16.3877368736178,Weedle x 3 | Rattata x 1 | Pidgey x 3 | ,22:16:59 | 23:16:59 | 00:16:59 | 09:16:59 | 10:16:59 | 12:16:59 | 13:16:59 | 
52.714017517121,16.3711457792301,Weedle x 5 | Caterpie x 6 | Pidgey x 5 | Eevee x 10 | Venonat x 6 | Rattata x 19 | ,22:03:52 | 22:05:31 | 22:07:50 | 22:11:17 | 22:13:05 | 23:00:53 | 23:05:02 | 23:09:08 | 23:13:05 | 00:00:15 | 00:01:58 | 00:03:41 | 00:05:24 | 00:07:06 | 00:10:29 | 00:12:11 | 00:13:05 | 09:00:02 | 09:03:02 | 09:06:01 | 09:08:59 | 09:12:00 | 09:13:05 | 10:00:24 | 10:03:23 | 10:06:25 | 10:09:29 | 10:12:33 | 10:13:05 | 11:00:59 | 11:03:56 | 11:06:55 | 11:09:52 | 11:12:51 | 11:59:29 | 12:02:26 | 12:05:26 | 12:08:24 | 12:11:25 | 12:13:05 | 12:59:18 | 13:02:16 | 13:05:14 | 13:08:13 | 13:11:12 | 13:13:05 | 13:59:06 | 14:02:05 | 14:05:03 | 14:08:00 | 14:11:01 | 
52.7098974870687,16.374771637962,Pidgeot x 1 | Jigglypuff x 2 | Kabuto x 2 | Pidgey x 4 | Rattata x 8 | ,21:58:01 | 22:28:01 | 22:58:01 | 23:28:01 | 23:58:01 | 08:58:01 | 09:28:01 | 09:58:01 | 10:28:01 | 10:58:01 | 11:28:01 | 11:58:01 | 12:28:01 | 12:58:01 | 13:28:01 | 13:58:01 | 14:28:01 | 
52.7091231684907,16.3766009877741,Machoke x 1 | Pidgeotto x 1 | Rattata x 3 | Pidgey x 2 | ,22:18:37 | 23:18:37 | 00:18:37 | 09:18:37 | 10:18:37 | 12:18:37 | 13:18:37 | 
52.7093032422283,16.371085297116,Spearow x 2 | Weedle x 3 | Pidgey x 6 | Zubat x 1 | Pidgeotto x 1 | Rattata x 4 | ,22:09:18 | 22:39:18 | 23:09:18 | 23:39:18 | 00:09:18 | 08:39:18 | 09:09:18 | 09:39:18 | 10:09:18 | 10:39:18 | 11:09:18 | 11:39:18 | 12:09:18 | 12:39:18 | 13:09:18 | 13:39:18 | 14:39:18 | 
52.7063374387591,16.3847473986588,Spearow x 1 | Weedle x 1 | Rattata x 3 | Pidgey x 1 | ,22:25:22 | 23:25:22 | 09:25:22 | 10:25:22 | 12:25:22 | 13:25:22 | 
52.709224196907,16.371037121392,Eevee x 1 | Weedle x 4 | Pidgey x 1 | Rattata x 2 | Raticate x 1 | ,21:55:48 | 22:55:48 | 23:55:48 | 08:55:48 | 09:55:48 | 10:55:48 | 11:55:48 | 12:55:48 | 13:55:48 | 
52.7023903300975,16.3932076758276,Spearow x 1 | Pidgey x 1 | Weedle x 4 | Caterpie x 1 | Rattata x 1 | ,22:30:41 | 23:30:41 | 09:30:41 | 10:30:41 | 11:30:41 | 12:30:41 | 13:30:41 | 14:30:41 | 
52.707479966259,16.375471340942,Pidgeotto x 1 | Weedle x 3 | Caterpie x 1 | Pidgey x 3 | Kakuna x 1 | ,21:49:51 | 22:49:51 | 23:49:51 | 08:49:51 | 09:49:51 | 10:49:51 | 11:49:51 | 12:49:51 | 13:49:51 | 
52.7183542911905,16.3659888354178,Spearow x 2 | Pidgey x 1 | Rattata x 4 | ,22:13:17 | 23:13:17 | 00:13:17 | 09:13:17 | 10:13:17 | 12:13:17 | 13:13:17 | 
52.7086569592841,16.3774674518552,Zubat x 1 | Spearow x 1 | Rattata x 2 | Pidgey x 2 | Caterpie x 1 | ,22:26:15 | 23:26:15 | 09:26:15 | 10:26:15 | 12:26:15 | 13:26:15 | 14:26:15 | 
52.7074453983578,16.3805644153518,Krabby x 1 | Weedle x 2 | Rattata x 2 | Pidgey x 4 | ,21:46:39 | 22:46:39 | 23:46:39 | 08:46:39 | 09:46:39 | 10:46:39 | 11:46:39 | 12:46:39 | 13:46:39 | 
52.7163723941951,16.3727090370764,Kakuna x 2 | Spearow x 1 | Drowzee x 2 | Psyduck x 1 | Pidgey x 2 | ,22:30:12 | 23:30:12 | 09:30:12 | 10:30:12 | 11:30:12 | 12:30:12 | 13:30:12 | 14:30:12 | 
52.7078855583441,16.3835179920174,Weedle x 1 | Venonat x 2 | Caterpie x 2 | Pidgey x 2 | Rattata x 2 | ,22:07:31 | 23:07:31 | 00:07:31 | 09:07:31 | 10:07:31 | 11:07:31 | 12:07:31 | 13:07:31 | 14:07:31 | 
52.7033261868267,16.3817600691291,Weedle x 12 | Drowzee x 4 | Pidgey x 2 | Paras x 5 | Abra x 6 | Pidgeotto x 1 | Rattata x 6 | ,22:26:46 | 22:30:24 | 22:34:26 | 22:38:15 | 22:39:20 | 23:27:35 | 23:31:44 | 23:35:52 | 23:39:20 | 08:39:20 | 09:25:55 | 09:28:57 | 09:31:59 | 09:35:04 | 09:38:04 | 09:39:20 | 10:26:48 | 10:29:50 | 10:32:54 | 10:35:53 | 10:38:54 | 10:39:20 | 11:39:20 | 12:25:07 | 12:28:07 | 12:31:07 | 12:34:08 | 12:37:07 | 12:39:20 | 13:24:57 | 13:27:56 | 13:30:56 | 13:33:56 | 13:36:57 | 13:39:20 | 14:39:20 | 
52.708149370528,16.3774136792131,Pidgeot x 1 | Spearow x 2 | Rattata x 4 | Pidgey x 2 | ,21:49:42 | 22:49:42 | 23:49:42 | 08:49:42 | 09:49:42 | 10:49:42 | 11:49:42 | 12:49:42 | 13:49:42 | 
52.7042165721457,16.3815359870737,Weedle x 1 | Pidgeotto x 1 | Pidgey x 2 | Rattata x 2 | Kakuna x 1 | ,22:18:03 | 23:18:03 | 00:18:03 | 09:18:03 | 10:18:03 | 12:18:03 | 13:18:03 | 
52.7533083976955,16.4048501229613,Nidoran♂ x 7 | Weedle x 8 | ,22:44:41 | 22:44:51 | 22:48:49 | 22:48:58 | 22:52:55 | 22:53:05 | 22:55:00 | 23:40:47 | 23:40:48 | 23:42:40 | 23:42:41 | 23:44:29 | 23:44:31 | 23:46:27 | 23:46:28 | 
52.7049358590646,16.3831253402926,Weedle x 2 | Pidgeotto x 1 | Venonat x 1 | Rattata x 2 | ,22:23:43 | 23:23:43 | 09:23:43 | 10:23:43 | 12:23:43 | 13:23:43 | 
52.7092306179694,16.3794794292324,Pidgey x 2 | Rattata x 7 | ,22:10:13 | 23:10:13 | 00:10:13 | 09:10:13 | 10:10:13 | 11:10:13 | 12:10:13 | 13:10:13 | 14:10:13 | 
52.6996411587427,16.3914021145707,Oddish x 1 | Drowzee x 1 | Weedle x 2 | Rattata x 2 | Pidgey x 2 | ,22:28:09 | 23:28:09 | 09:28:09 | 10:28:09 | 11:28:09 | 12:28:09 | 13:28:09 | 14:28:09 | 
52.7530878881333,16.4045872984531,Spearow x 1 | ,23:22:27 | 
52.7168484799199,16.3608520796982,Paras x 1 | Weedle x 3 | Bellsprout x 1 | Pidgey x 3 | Rattata x 1 | ,22:34:11 | 23:34:11 | 08:34:11 | 09:34:11 | 10:34:11 | 11:34:11 | 12:34:11 | 13:34:11 | 14:34:11 | 
52.7047667812195,16.377652570465,Golbat x 1 | Weedle x 1 | Caterpie x 1 | Pidgey x 3 | Rattata x 1 | ,22:27:03 | 23:27:03 | 09:27:03 | 10:27:03 | 12:27:03 | 13:27:03 | 14:27:03 | 
52.7039068708793,16.3873562606323,Zubat x 1 | Drowzee x 1 | Weedle x 1 | Pidgey x 3 | ,22:24:56 | 23:24:56 | 09:24:56 | 10:24:56 | 12:24:56 | 13:24:56 | 
52.7027495511931,16.3894630947496,Weedle x 1 | Drowzee x 1 | Caterpie x 1 | Pidgey x 2 | Paras x 1 | Eevee x 1 | Rattata x 2 | ,22:05:02 | 23:05:02 | 00:05:02 | 09:05:02 | 10:05:02 | 11:05:02 | 12:05:02 | 13:05:02 | 14:05:02 | 
52.707957946266,16.3775526746264,Venonat x 1 | Weedle x 7 | Rattata x 3 | Pidgey x 4 | Shellder x 2 | ,22:11:30 | 22:41:30 | 23:11:30 | 23:41:30 | 00:11:30 | 08:41:30 | 09:11:30 | 09:41:30 | 10:11:30 | 10:41:30 | 11:11:30 | 11:41:30 | 12:11:30 | 12:41:30 | 13:11:30 | 13:41:30 | 14:41:30 | 
52.7081294921228,16.3733103409594,Spearow x 1 | Venonat x 1 | Drowzee x 1 | Pidgey x 3 | Kakuna x 1 | Rattata x 2 | ,21:46:14 | 22:46:14 | 23:46:14 | 08:46:14 | 09:46:14 | 10:46:14 | 11:46:14 | 12:46:14 | 13:46:14 | 
52.7082085349819,16.3733585217428,Weedle x 2 | Pidgeotto x 1 | Caterpie x 1 | Pidgey x 1 | Rattata x 1 | ,22:26:00 | 23:26:00 | 09:26:00 | 10:26:00 | 12:26:00 | 13:26:00 | 
52.7035632856653,16.3819046660366,Abra x 1 | Horsea x 1 | Drowzee x 1 | Pidgey x 2 | Rattata x 3 | ,22:51:09 | 23:51:09 | 08:51:09 | 09:51:09 | 10:51:09 | 11:51:09 | 12:51:09 | 13:51:09 | 
52.7137563138102,16.3651052075834,Pidgeotto x 3 | Drowzee x 11 | Venonat x 21 | Pidgey x 6 | Rattata x 42 | ,21:58:23 | 21:59:18 | 21:59:32 | 22:00:00 | 22:31:18 | 22:35:22 | 22:39:10 | 22:42:59 | 22:47:07 | 22:51:12 | 22:55:24 | 22:59:33 | 23:00:00 | 23:32:39 | 23:36:47 | 23:41:49 | 23:43:42 | 23:47:29 | 23:49:15 | 23:56:16 | 23:57:59 | 23:59:39 | 00:00:00 | 08:45:05 | 08:48:09 | 08:51:12 | 08:54:12 | 08:57:12 | 09:00:00 | 09:30:21 | 09:33:23 | 09:36:27 | 09:39:28 | 09:42:29 | 09:45:35 | 09:48:34 | 09:51:33 | 09:54:34 | 09:57:33 | 10:00:00 | 10:31:13 | 10:34:17 | 10:37:16 | 10:40:19 | 10:43:18 | 10:46:18 | 10:49:15 | 10:52:14 | 10:55:12 | 10:58:11 | 11:00:00 | 11:44:25 | 11:47:24 | 11:50:22 | 11:53:21 | 11:56:40 | 11:59:38 | 12:00:00 | 12:32:31 | 12:35:31 | 12:38:31 | 12:41:34 | 12:44:36 | 12:47:34 | 12:50:32 | 12:53:30 | 12:56:29 | 12:59:27 | 13:00:00 | 13:32:20 | 13:35:20 | 13:38:20 | 13:41:22 | 13:44:23 | 13:47:22 | 13:50:21 | 13:53:19 | 13:56:16 | 13:59:15 | 14:00:00 | 14:40:37 | 14:43:36 | 14:46:35 | 
52.7083042447457,16.3732890152071,Spearow x 2 | Weedle x 1 | Krabby x 1 | Caterpie x 1 | Bellsprout x 1 | Pidgey x 1 | Rattata x 2 | ,22:05:05 | 23:05:05 | 00:05:05 | 09:05:05 | 10:05:05 | 11:05:05 | 12:05:05 | 13:05:05 | 14:05:05 | 
52.7084574924296,16.3764508482464,Pidgey x 2 | Spearow x 3 | Krabby x 1 | Caterpie x 1 | Rattata x 3 | ,21:43:31 | 22:43:31 | 23:43:31 | 08:43:31 | 09:43:31 | 10:43:31 | 11:43:31 | 12:43:31 | 13:43:31 | 14:43:31 | 
52.7119077682726,16.3872504744743,Krabby x 1 | Caterpie x 1 | Pidgey x 5 | Rattata x 2 | ,21:54:25 | 22:54:25 | 23:54:25 | 08:54:25 | 09:54:25 | 10:54:25 | 11:54:25 | 12:54:25 | 13:54:25 | 
52.7190945041492,16.3692531293063,Jigglypuff x 1 | Weedle x 3 | Pidgey x 1 | Rattata x 2 | Eevee x 2 | ,22:31:28 | 23:31:28 | 08:31:28 | 09:31:28 | 10:31:28 | 11:31:28 | 12:31:28 | 13:31:28 | 14:31:28 | 
52.7108003632319,16.3890046966603,Weedle x 1 | Dratini x 1 | Venonat x 1 | Rattata x 1 | Pidgey x 5 | ,22:44:15 | 23:44:15 | 08:44:15 | 09:44:15 | 10:44:15 | 11:44:15 | 12:44:15 | 13:44:15 | 14:44:15 | 
52.7031477840853,16.3799893011256,Zubat x 2 | Pidgey x 1 | Weedle x 3 | Meowth x 1 | Rattata x 2 | ,22:42:23 | 23:42:23 | 08:42:23 | 09:42:23 | 10:42:23 | 11:42:23 | 12:42:23 | 13:42:23 | 14:42:23 | 
52.7102260289736,16.3754833574513,Zubat x 1 | Weedle x 2 | Rattata x 2 | Hypno x 1 | ,22:22:23 | 23:22:23 | 09:22:23 | 10:22:23 | 12:22:23 | 13:22:23 | 
52.7047969012841,16.3731965932527,Pidgey x 13 | Weedle x 7 | Caterpie x 11 | Rattata x 6 | ,22:28:24 | 22:32:03 | 22:36:04 | 22:39:54 | 22:40:56 | 23:29:14 | 23:33:23 | 23:37:31 | 23:40:13 | 23:40:56 | 08:40:56 | 09:27:56 | 09:30:59 | 09:34:00 | 09:37:05 | 09:40:06 | 09:40:56 | 10:28:49 | 10:31:51 | 10:34:55 | 10:37:54 | 10:40:55 | 10:40:56 | 11:40:56 | 12:27:09 | 12:30:08 | 12:33:08 | 12:36:08 | 12:39:08 | 12:40:56 | 13:26:58 | 13:29:57 | 13:32:58 | 13:35:57 | 13:38:58 | 13:40:56 | 14:40:56 | 
52.7128325125166,16.3655651515077,Magnemite x 1 | Pidgey x 1 | Kakuna x 1 | Eevee x 1 | Zubat x 1 | Rattata x 4 | ,22:36:23 | 23:36:23 | 08:36:23 | 09:36:23 | 10:36:23 | 11:36:23 | 12:36:23 | 13:36:23 | 14:36:23 | 
52.7173186182711,16.3617777251561,Weedle x 1 | Magikarp x 1 | Abra x 1 | Pidgey x 3 | Kakuna x 1 | ,22:15:14 | 23:15:14 | 00:15:14 | 09:15:14 | 10:15:14 | 12:15:14 | 13:15:14 | 
52.7107159975463,16.3920226413015,Drowzee x 1 | Weedle x 4 | Caterpie x 1 | Rattata x 2 | Raticate x 1 | ,21:56:44 | 22:56:44 | 23:56:44 | 08:56:44 | 09:56:44 | 10:56:44 | 11:56:44 | 12:56:44 | 13:56:44 | 
52.7123143684807,16.3904401452369,Spearow x 1 | Venonat x 1 | Caterpie x 1 | Kakuna x 1 | Weedle x 2 | Rattata x 1 | ,22:16:15 | 23:16:15 | 00:16:15 | 09:16:15 | 10:16:15 | 12:16:15 | 13:16:15 | 
52.7136181719792,16.3969918211822,Weedle x 1 | Koffing x 1 | Pidgey x 1 | Zubat x 1 | Pidgeotto x 1 | Rattata x 4 | ,21:54:37 | 22:54:37 | 23:54:37 | 08:54:37 | 09:54:37 | 10:54:37 | 11:54:37 | 12:54:37 | 13:54:37 | 
52.7024951443336,16.3779294579926,Spearow x 11 | Weedle x 28 | Paras x 5 | Eevee x 10 | Venonat x 8 | Rattata x 18 | ,22:04:42 | 22:06:21 | 22:09:42 | 22:13:11 | 22:16:41 | 22:20:10 | 22:23:42 | 22:25:01 | 22:59:09 | 23:03:19 | 23:07:25 | 23:11:32 | 23:15:38 | 23:19:44 | 23:23:57 | 23:25:01 | 23:56:05 | 23:57:48 | 23:59:29 | 00:01:11 | 00:04:38 | 00:11:25 | 00:18:12 | 00:21:40 | 00:23:23 | 08:57:27 | 09:00:28 | 09:03:28 | 09:06:27 | 09:09:27 | 09:12:26 | 09:15:34 | 09:18:34 | 09:21:35 | 09:24:35 | 09:25:01 | 09:57:51 | 10:00:50 | 10:03:50 | 10:06:52 | 10:09:56 | 10:13:02 | 10:16:06 | 10:19:13 | 10:22:18 | 10:25:01 | 10:55:29 | 10:58:28 | 11:01:26 | 11:04:23 | 11:07:21 | 11:10:18 | 11:13:19 | 11:56:58 | 11:59:55 | 12:02:53 | 12:05:52 | 12:08:50 | 12:11:54 | 12:14:52 | 12:17:50 | 12:20:49 | 12:23:49 | 12:25:01 | 12:56:46 | 12:59:44 | 13:02:43 | 13:05:42 | 13:08:39 | 13:11:40 | 13:14:40 | 13:17:38 | 13:20:38 | 13:23:38 | 13:25:01 | 13:56:33 | 13:59:32 | 14:02:31 | 14:05:29 | 14:08:26 | 
52.713502494651,16.3650784146501,Weedle x 7 | Drowzee x 4 | Pidgey x 5 | Paras x 6 | Eevee x 6 | Venonat x 2 | Rattata x 8 | ,22:20:34 | 22:24:09 | 22:27:41 | 22:31:18 | 22:35:17 | 23:24:21 | 23:28:30 | 23:32:39 | 23:35:17 | 00:21:51 | 00:23:33 | 08:35:17 | 09:21:18 | 09:24:19 | 09:27:19 | 09:30:21 | 09:33:23 | 09:35:17 | 10:22:00 | 10:25:08 | 10:28:11 | 10:31:13 | 10:34:17 | 10:35:17 | 11:35:17 | 12:20:32 | 12:23:32 | 12:26:31 | 12:29:30 | 12:32:31 | 12:35:17 | 13:20:22 | 13:23:21 | 13:26:20 | 13:29:20 | 13:32:20 | 13:35:17 | 14:35:17 | 
52.7073540209678,16.3799972578438,Pidgeotto x 1 | Drowzee x 1 | Weedle x 2 | Rattata x 3 | Pidgey x 2 | ,22:08:25 | 23:08:25 | 00:08:25 | 09:08:25 | 10:08:25 | 11:08:25 | 12:08:25 | 13:08:25 | 14:08:25 | 
52.7104979891742,16.3959823657017,Venonat x 1 | Gastly x 1 | Pidgey x 1 | Kakuna x 1 | Weedle x 3 | Rattata x 2 | ,22:10:25 | 23:10:25 | 00:10:25 | 09:10:25 | 10:10:25 | 11:10:25 | 12:10:25 | 13:10:25 | 14:10:25 | 
52.7126849880968,16.3896431238812,Weedle x 4 | Caterpie x 1 | Pidgey x 3 | Rattata x 1 | ,22:03:03 | 23:03:03 | 00:03:03 | 09:03:03 | 10:03:03 | 11:03:03 | 12:03:03 | 13:03:03 | 14:03:03 | 
52.7167600108863,16.3693648577295,Weedle x 11 | Pidgey x 3 | Eevee x 2 | ,21:53:11 | 22:23:11 | 22:53:11 | 23:23:11 | 23:53:11 | 00:23:11 | 08:53:11 | 09:23:11 | 09:53:11 | 10:23:11 | 10:53:11 | 11:53:11 | 12:23:11 | 12:53:11 | 13:23:11 | 13:53:11 | 
52.7112683023529,16.3832796022698,Zubat x 1 | Drowzee x 1 | Pidgey x 1 | Rattata x 3 | ,22:24:43 | 23:24:43 | 09:24:43 | 10:24:43 | 12:24:43 | 13:24:43 | 
52.7167433459438,16.3694825712483,Weedle x 6 | Rattata x 5 | Pidgey x 3 | Raticate x 1 | ,21:54:13 | 22:24:13 | 22:54:13 | 23:24:13 | 23:54:13 | 08:54:13 | 09:24:13 | 09:54:13 | 10:24:13 | 10:54:13 | 11:54:13 | 12:24:13 | 12:54:13 | 13:24:13 | 13:54:13 | 
52.7125725738703,16.389830322301,Venonat x 1 | Pidgey x 2 | Kakuna x 1 | Metapod x 2 | Abra x 1 | Weedle x 1 | Rattata x 1 | ,22:44:28 | 23:44:28 | 08:44:28 | 09:44:28 | 10:44:28 | 11:44:28 | 12:44:28 | 13:44:28 | 14:44:28 | 
52.6997702381146,16.3910973199632,Paras x 1 | Weedle x 5 | Pidgey x 1 | Rattata x 1 | Golbat x 1 | ,22:04:07 | 23:04:07 | 00:04:07 | 09:04:07 | 10:04:07 | 11:04:07 | 12:04:07 | 13:04:07 | 14:04:07 | 
latitude,longitude,,
52.7138020492823,16.365388772588,Spearow x 1 | Venonat x 1 | Drowzee x 1 | Caterpie x 1 | Pidgey x 1 | Weepinbell x 1 | Pidgeotto x 1 | Rattata x 2 | ,21:54:51 | 22:54:51 | 23:54:51 | 08:54:51 | 09:54:51 | 10:54:51 | 11:54:51 | 12:54:51 | 13:54:51 | 
52.7140411604568,16.4000643604708,Weedle x 2 | Pidgey x 3 | Venomoth x 1 | Rattata x 3 | ,22:33:33 | 23:33:33 | 08:33:33 | 09:33:33 | 10:33:33 | 11:33:33 | 12:33:33 | 13:33:33 | 14:33:33 | 
52.7105008049406,16.3747558620649,Caterpie x 1 | Pidgey x 2 | Rattata x 3 | Eevee x 1 | ,22:21:47 | 23:21:47 | 00:21:47 | 09:21:47 | 10:21:47 | 12:21:47 | 13:21:47 | 
52.7136315238739,16.3647734807933,Venonat x 1 | Drowzee x 1 | Weedle x 2 | Rattata x 1 | Pidgey x 2 | ,22:22:14 | 23:22:14 | 00:22:14 | 09:22:14 | 10:22:14 | 12:22:14 | 13:22:14 | 
52.7030057121765,16.3822038548172,Paras x 2 | Weedle x 2 | Rattata x 9 | Pidgey x 4 | ,22:01:21 | 22:31:21 | 23:01:21 | 23:31:21 | 00:01:21 | 09:01:21 | 09:31:21 | 10:01:21 | 10:31:21 | 11:01:21 | 11:31:21 | 12:01:21 | 12:31:21 | 13:01:21 | 13:31:21 | 14:01:21 | 14:31:21 | 
52.7101941125577,16.3963084738635,Paras x 1 | Weedle x 1 | Rattata x 3 | Pidgey x 4 | ,22:45:52 | 23:45:52 | 08:45:52 | 09:45:52 | 10:45:52 | 11:45:52 | 12:45:52 | 13:45:52 | 14:45:52 | 
52.7047167682389,16.3780056068554,Weedle x 3 | Pidgey x 2 | Rattata x 4 | ,21:54:49 | 22:54:49 | 23:54:49 | 08:54:49 | 09:54:49 | 10:54:49 | 11:54:49 | 12:54:49 | 13:54:49 | 
52.7023991551179,16.3919344003243,Weedle x 2 | Pidgey x 1 | Rattata x 4 | ,22:27:05 | 23:27:05 | 09:27:05 | 10:27:05 | 12:27:05 | 13:27:05 | 14:27:05 | 
52.7097321722917,16.3965380827144,Venonat x 1 | Gastly x 1 | Krabby x 1 | Pidgey x 2 | Weedle x 3 | Rattata x 1 | ,22:39:09 | 23:39:09 | 08:39:09 | 09:39:09 | 10:39:09 | 11:39:09 | 12:39:09 | 13:39:09 | 14:39:09 | 
52.7051259095553,16.3714796374261,Weedle x 3 | Pidgey x 2 | Rattata x 3 | Raticate x 1 | ,22:34:08 | 23:34:08 | 08:34:08 | 09:34:08 | 10:34:08 | 11:34:08 | 12:34:08 | 13:34:08 | 14:34:08 | 
52.7052650390936,16.3814082910315,Weedle x 1 | Drowzee x 1 | Bellsprout x 2 | Paras x 1 | Pidgey x 2 | Rattata x 2 | ,22:30:51 | 23:30:51 | 08:30:51 | 09:30:51 | 10:30:51 | 11:30:51 | 12:30:51 | 13:30:51 | 14:30:51 | 
52.7147451493162,16.3738909322261,Weedle x 1 | Fearow x 1 | Nidoran♂ x 1 | Pidgey x 4 | Eevee x 1 | Rattata x 1 | ,22:01:45 | 23:01:45 | 00:01:45 | 09:01:45 | 10:01:45 | 11:01:45 | 12:01:45 | 13:01:45 | 14:01:45 | 
52.7062910280114,16.3705278958658,Oddish x 1 | Venonat x 2 | Drowzee x 1 | Pidgey x 1 | Eevee x 1 | Rattata x 3 | ,22:04:46 | 23:04:46 | 00:04:46 | 09:04:46 | 10:04:46 | 11:04:46 | 12:04:46 | 13:04:46 | 14:04:46 | 
52.705208763745,16.3733198017858,Nidoran♀ x 1 | Krabby x 1 | Weedle x 2 | Rattata x 3 | Pidgey x 1 | ,22:12:32 | 23:12:32 | 00:12:32 | 09:12:32 | 10:12:32 | 11:12:32 | 12:12:32 | 13:12:32 | 
52.7187829065576,16.3659942626836,Spearow x 1 | Weedle x 2 | Caterpie x 2 | Pidgey x 1 | Paras x 1 | Rattata x 2 | ,22:07:44 | 23:07:44 | 00:07:44 | 09:07:44 | 10:07:44 | 11:07:44 | 12:07:44 | 13:07:44 | 14:07:44 | 
52.7090903817911,16.3744074726903,Weedle x 3 | Drowzee x 1 | Pidgey x 1 | Paras x 1 | Rattata x 1 | Raticate x 1 | ,22:29:07 | 23:29:07 | 09:29:07 | 10:29:07 | 11:29:07 | 12:29:07 | 13:29:07 | 14:29:07 | 
52.7004216340948,16.3840795952514,Spearow x 1 | Weedle x 2 | Pidgey x 2 | Rattata x 3 | Caterpie x 1 | ,22:39:27 | 23:39:27 | 08:39:27 | 09:39:27 | 10:39:27 | 11:39:27 | 12:39:27 | 13:39:27 | 14:39:27 | 
52.7000995244196,16.3893804608799,Weedle x 8 | Rattata x 11 | Pidgey x 22 | Beedrill x 3 | ,22:37:52 | 22:41:41 | 22:45:49 | 22:49:55 | 22:50:39 | 23:39:37 | 23:41:14 | 23:43:07 | 23:44:58 | 23:46:54 | 23:50:28 | 23:50:39 | 08:46:31 | 08:49:32 | 08:50:39 | 09:37:48 | 09:40:50 | 09:46:54 | 09:49:54 | 09:50:39 | 10:38:38 | 10:41:37 | 10:44:38 | 10:47:36 | 10:50:34 | 10:50:39 | 11:42:45 | 11:45:44 | 11:48:43 | 11:50:39 | 12:36:51 | 12:39:52 | 12:42:55 | 12:45:54 | 12:48:52 | 12:50:39 | 13:36:40 | 13:39:40 | 13:42:43 | 13:45:42 | 13:48:40 | 13:50:39 | 14:41:56 | 14:44:55 | 
